Country,Year,NationalCurrency,Value
Afghanistan,1995,Afghani (AFN),47.5
Afghanistan,2005,Afghani (AFN),50.4
Afghanistan,2010,Afghani (AFN),45.3
Afghanistan,2015,Afghani (AFN),68.1
Afghanistan,2020,Afghani (AFN),77.1
Albania,1995,Lek (ALL),94.2
Albania,2005,Lek (ALL),103.6
Albania,2010,Lek (ALL),104
Albania,2015,Lek (ALL),125.8
Albania,2020,Lek (ALL),100.8
Albania,2021,Lek (ALL),106.5
Albania,2022,Lek (ALL),107.1
Albania,2023,Lek (ALL),93.9
Algeria,1995,Algerian Dinar (DZD),52.2
Algeria,2005,Algerian Dinar (DZD),73.4
Algeria,2010,Algerian Dinar (DZD),74.9
Algeria,2015,Algerian Dinar (DZD),107.1
Algeria,2020,Algerian Dinar (DZD),132.1
Algeria,2021,Algerian Dinar (DZD),138.8
Algeria,2022,Algerian Dinar (DZD),137.2
Algeria,2023,Algerian Dinar (DZD),134.3
Andorra,2005,Euro (EUR),0.8
Andorra,2010,Euro (EUR),0.7
Andorra,2015,Euro (EUR),0.9
Andorra,2020,Euro (EUR),0.8
Andorra,2021,Euro (EUR),0.9
Andorra,2022,Euro (EUR),0.9
Andorra,2023,Euro (EUR),0.9
Angola,1995,Kwanza (AOA),0
Angola,2005,Kwanza (AOA),80.8
Angola,2010,Kwanza (AOA),92.6
Angola,2015,Kwanza (AOA),135.3
Angola,2020,Kwanza (AOA),656.2
Angola,2021,Kwanza (AOA),555
Angola,2022,Kwanza (AOA),503.7
Angola,2023,Kwanza (AOA),828.8
Anguilla,1995,E. Caribbean Dollar (XCD),2.7
Anguilla,2005,E. Caribbean Dollar (XCD),2.7
Anguilla,2010,E. Caribbean Dollar (XCD),2.7
Anguilla,2015,E. Caribbean Dollar (XCD),2.7
Anguilla,2020,E. Caribbean Dollar (XCD),2.7
Anguilla,2021,E. Caribbean Dollar (XCD),2.7
Anguilla,2022,E. Caribbean Dollar (XCD),2.7
Anguilla,2023,E. Caribbean Dollar (XCD),2.7
Antigua and Barbuda,1995,E. Caribbean Dollar (XCD),2.7
Antigua and Barbuda,2005,E. Caribbean Dollar (XCD),2.7
Antigua and Barbuda,2010,E. Caribbean Dollar (XCD),2.7
Antigua and Barbuda,2015,E. Caribbean Dollar (XCD),2.7
Antigua and Barbuda,2020,E. Caribbean Dollar (XCD),2.7
Antigua and Barbuda,2021,E. Caribbean Dollar (XCD),2.7
Antigua and Barbuda,2022,E. Caribbean Dollar (XCD),2.7
Antigua and Barbuda,2023,E. Caribbean Dollar (XCD),2.7
Argentina,1995,Argentine Peso (ARS),1
Argentina,2005,Argentine Peso (ARS),3
Argentina,2010,Argentine Peso (ARS),4
Argentina,2015,Argentine Peso (ARS),13.1
Argentina,2020,Argentine Peso (ARS),84.1
Argentina,2021,Argentine Peso (ARS),102.6
Argentina,2022,Argentine Peso (ARS),177.1
Argentina,2023,Argentine Peso (ARS),807
Armenia,1995,Armenian Dram (AMD),402
Armenia,2005,Armenian Dram (AMD),450.2
Armenia,2010,Armenian Dram (AMD),363.4
Armenia,2015,Armenian Dram (AMD),483.8
Armenia,2020,Armenian Dram (AMD),522.6
Armenia,2021,Armenian Dram (AMD),480.1
Armenia,2022,Armenian Dram (AMD),393.6
Armenia,2023,Armenian Dram (AMD),404.8
Aruba,1995,Aruban Florin (AWG),1.8
Aruba,2005,Aruban Florin (AWG),1.8
Aruba,2010,Aruban Florin (AWG),1.8
Aruba,2015,Aruban Florin (AWG),1.8
Aruba,2020,Aruban Florin (AWG),1.8
Aruba,2021,Aruban Florin (AWG),1.8
Aruba,2022,Aruban Florin (AWG),1.8
Aruba,2023,Aruban Florin (AWG),1.8
Australia,1995,Australian Dollar (AUD),1.3
Australia,2005,Australian Dollar (AUD),1.4
Australia,2010,Australian Dollar (AUD),1
Australia,2015,Australian Dollar (AUD),1.4
Australia,2020,Australian Dollar (AUD),1.3
Australia,2021,Australian Dollar (AUD),1.4
Australia,2022,Australian Dollar (AUD),1.5
Australia,2023,Australian Dollar (AUD),1.5
Austria,2005,Euro (EUR),0.8
Austria,2010,Euro (EUR),0.7
Austria,2015,Euro (EUR),0.9
Austria,2020,Euro (EUR),0.8
Austria,2021,Euro (EUR),0.9
Austria,2022,Euro (EUR),0.9
Austria,2023,Euro (EUR),0.9
Azerbaijan,1995,Azerbaijan manat (AZN),0.9
Azerbaijan,2005,Azerbaijan manat (AZN),0.9
Azerbaijan,2010,Azerbaijan manat (AZN),0.8
Azerbaijan,2015,Azerbaijan manat (AZN),1.6
Azerbaijan,2020,Azerbaijan manat (AZN),1.7
Azerbaijan,2021,Azerbaijan manat (AZN),1.7
Azerbaijan,2022,Azerbaijan manat (AZN),1.7
Azerbaijan,2023,Azerbaijan manat (AZN),1.7
Bahamas,1995,Bahamian Dollar (BSD),1
Bahamas,2005,Bahamian Dollar (BSD),1
Bahamas,2010,Bahamian Dollar (BSD),1
Bahamas,2015,Bahamian Dollar (BSD),1
Bahamas,2020,Bahamian Dollar (BSD),1
Bahamas,2021,Bahamian Dollar (BSD),1
Bahamas,2022,Bahamian Dollar (BSD),1
Bahamas,2023,Bahamian Dollar (BSD),1
Bahrain,1995,Bahraini Dinar (BHD),0.4
Bahrain,2005,Bahraini Dinar (BHD),0.4
Bahrain,2010,Bahraini Dinar (BHD),0.4
Bahrain,2015,Bahraini Dinar (BHD),0.4
Bahrain,2020,Bahraini Dinar (BHD),0.4
Bahrain,2021,Bahraini Dinar (BHD),0.4
Bahrain,2022,Bahraini Dinar (BHD),0.4
Bahrain,2023,Bahraini Dinar (BHD),0.4
Bangladesh,1995,Taka (BDT),40.8
Bangladesh,2005,Taka (BDT),66.2
Bangladesh,2010,Taka (BDT),70.7
Bangladesh,2015,Taka (BDT),78.5
Bangladesh,2020,Taka (BDT),84.8
Bangladesh,2021,Taka (BDT),85.8
Bangladesh,2022,Taka (BDT),99
Bangladesh,2023,Taka (BDT),110
Barbados,1995,Barbados Dollar (BBD),2
Barbados,2005,Barbados Dollar (BBD),2
Barbados,2010,Barbados Dollar (BBD),2
Barbados,2015,Barbados Dollar (BBD),2
Barbados,2020,Barbados Dollar (BBD),2
Barbados,2021,Barbados Dollar (BBD),2
Barbados,2022,Barbados Dollar (BBD),2
Barbados,2023,Barbados Dollar (BBD),2
Belarus,1995,Belarusian Ruble (BYN),0
Belarus,2005,Belarusian Ruble (BYN),0.2
Belarus,2010,Belarusian Ruble (BYN),0.3
Belarus,2015,Belarusian Ruble (BYN),1.9
Belarus,2020,Belarusian Ruble (BYN),2.6
Belarus,2021,Belarusian Ruble (BYN),2.5
Belarus,2022,Belarusian Ruble (BYN),2.7
Belarus,2023,Belarusian Ruble (BYN),3.2
Belgium,2005,Euro (EUR),0.8
Belgium,2010,Euro (EUR),0.7
Belgium,2015,Euro (EUR),0.9
Belgium,2020,Euro (EUR),0.8
Belgium,2021,Euro (EUR),0.9
Belgium,2022,Euro (EUR),0.9
Belgium,2023,Euro (EUR),0.9
Belize,1995,Belize Dollar (BZD),2
Belize,2005,Belize Dollar (BZD),2
Belize,2010,Belize Dollar (BZD),2
Belize,2015,Belize Dollar (BZD),2
Belize,2020,Belize Dollar (BZD),2
Belize,2021,Belize Dollar (BZD),2
Belize,2022,Belize Dollar (BZD),2
Belize,2023,Belize Dollar (BZD),2
Benin,1995,"CFA Franc, BCEAO (XOF)",490
Benin,2005,"CFA Franc, BCEAO (XOF)",556
Benin,2010,"CFA Franc, BCEAO (XOF)",490.9
Benin,2015,"CFA Franc, BCEAO (XOF)",602.5
Benin,2020,"CFA Franc, BCEAO (XOF)",534.6
Benin,2021,"CFA Franc, BCEAO (XOF)",579.2
Benin,2022,"CFA Franc, BCEAO (XOF)",615
Benin,2023,"CFA Franc, BCEAO (XOF)",593.6
Bermuda,1995,Bermudian Dollar (BMD),1
Bermuda,2005,Bermudian Dollar (BMD),1
Bermuda,2010,Bermudian Dollar (BMD),1
Bermuda,2015,Bermudian Dollar (BMD),1
Bermuda,2020,Bermudian Dollar (BMD),1
Bermuda,2021,Bermudian Dollar (BMD),1
Bermuda,2022,Bermudian Dollar (BMD),1
Bermuda,2023,Bermudian Dollar (BMD),1
Bhutan,1995,Ngultrum (BTN),35.2
Bhutan,2005,Ngultrum (BTN),45.1
Bhutan,2010,Ngultrum (BTN),44.8
Bhutan,2015,Ngultrum (BTN),66.3
Bhutan,2020,Ngultrum (BTN),73.1
Bhutan,2021,Ngultrum (BTN),74.3
Bhutan,2022,Ngultrum (BTN),82.8
Bhutan,2023,Ngultrum (BTN),83.3
Bolivia (Plurin. State of),1995,Boliviano (BOB),4.9
Bolivia (Plurin. State of),2005,Boliviano (BOB),8
Bolivia (Plurin. State of),2010,Boliviano (BOB),7
Bolivia (Plurin. State of),2015,Boliviano (BOB),6.9
Bolivia (Plurin. State of),2020,Boliviano (BOB),6.9
Bolivia (Plurin. State of),2021,Boliviano (BOB),6.9
Bolivia (Plurin. State of),2022,Boliviano (BOB),6.9
Bolivia (Plurin. State of),2023,Boliviano (BOB),6.9
Bosnia and Herzegovina,2005,Convertible Mark (BAM),1.7
Bosnia and Herzegovina,2010,Convertible Mark (BAM),1.5
Bosnia and Herzegovina,2015,Convertible Mark (BAM),1.8
Bosnia and Herzegovina,2020,Convertible Mark (BAM),1.6
Bosnia and Herzegovina,2021,Convertible Mark (BAM),1.7
Bosnia and Herzegovina,2022,Convertible Mark (BAM),1.8
Bosnia and Herzegovina,2023,Convertible Mark (BAM),1.8
Botswana,1995,Pula (BWP),2.8
Botswana,2005,Pula (BWP),5.5
Botswana,2010,Pula (BWP),6.4
Botswana,2015,Pula (BWP),11.2
Botswana,2020,Pula (BWP),10.8
Botswana,2021,Pula (BWP),11.7
Botswana,2022,Pula (BWP),12.8
Botswana,2023,Pula (BWP),13.4
Bouvet Island,1995,Norwegian Krone (NOK),6.3
Bouvet Island,2005,Norwegian Krone (NOK),6.8
Bouvet Island,2010,Norwegian Krone (NOK),5.9
Bouvet Island,2015,Norwegian Krone (NOK),8.8
Bouvet Island,2020,Norwegian Krone (NOK),8.5
Bouvet Island,2021,Norwegian Krone (NOK),8.8
Bouvet Island,2022,Norwegian Krone (NOK),9.9
Bouvet Island,2023,Norwegian Krone (NOK),10.2
Brazil,1995,Brazilian Real (BRL),1
Brazil,2005,Brazilian Real (BRL),2.3
Brazil,2010,Brazilian Real (BRL),1.7
Brazil,2015,Brazilian Real (BRL),3.9
Brazil,2020,Brazilian Real (BRL),5.2
Brazil,2021,Brazilian Real (BRL),5.6
Brazil,2022,Brazilian Real (BRL),5.2
Brazil,2023,Brazilian Real (BRL),4.8
British Indian Ocean Terr.,1995,Pound Sterling (GBP),0.6
British Indian Ocean Terr.,2005,Pound Sterling (GBP),0.6
British Indian Ocean Terr.,2010,Pound Sterling (GBP),0.6
British Indian Ocean Terr.,2015,Pound Sterling (GBP),0.7
British Indian Ocean Terr.,2020,Pound Sterling (GBP),0.7
British Indian Ocean Terr.,2021,Pound Sterling (GBP),0.7
British Indian Ocean Terr.,2022,Pound Sterling (GBP),0.8
British Indian Ocean Terr.,2023,Pound Sterling (GBP),0.8
Brunei Darussalam,1995,Brunei Dollar (BND),1.4
Brunei Darussalam,2005,Brunei Dollar (BND),1.7
Brunei Darussalam,2010,Brunei Dollar (BND),1.3
Brunei Darussalam,2015,Brunei Dollar (BND),1.4
Brunei Darussalam,2020,Brunei Dollar (BND),1.3
Brunei Darussalam,2021,Brunei Dollar (BND),1.4
Brunei Darussalam,2022,Brunei Dollar (BND),1.4
Brunei Darussalam,2023,Brunei Dollar (BND),1.3
Bulgaria,1995,Bulgarian Lev (BGN),0.1
Bulgaria,2005,Bulgarian Lev (BGN),1.7
Bulgaria,2010,Bulgarian Lev (BGN),1.5
Bulgaria,2015,Bulgarian Lev (BGN),1.8
Bulgaria,2020,Bulgarian Lev (BGN),1.6
Bulgaria,2021,Bulgarian Lev (BGN),1.7
Bulgaria,2022,Bulgarian Lev (BGN),1.8
Bulgaria,2023,Bulgarian Lev (BGN),1.8
Burkina Faso,1995,"CFA Franc, BCEAO (XOF)",490
Burkina Faso,2005,"CFA Franc, BCEAO (XOF)",556
Burkina Faso,2010,"CFA Franc, BCEAO (XOF)",490.9
Burkina Faso,2015,"CFA Franc, BCEAO (XOF)",602.5
Burkina Faso,2020,"CFA Franc, BCEAO (XOF)",534.6
Burkina Faso,2021,"CFA Franc, BCEAO (XOF)",579.2
Burkina Faso,2022,"CFA Franc, BCEAO (XOF)",615
Burkina Faso,2023,"CFA Franc, BCEAO (XOF)",593.6
Burundi,2023,Burundi Franc (BIF),2856.10
Cabo Verde,1995,Cabo Verde Escudo (CVE),77.5
Cabo Verde,2005,Cabo Verde Escudo (CVE),93.2
Cabo Verde,2010,Cabo Verde Escudo (CVE),83
Cabo Verde,2015,Cabo Verde Escudo (CVE),100.9
Cabo Verde,2020,Cabo Verde Escudo (CVE),89.8
Cabo Verde,2021,Cabo Verde Escudo (CVE),97.6
Cabo Verde,2022,Cabo Verde Escudo (CVE),103.6
Cabo Verde,2023,Cabo Verde Escudo (CVE),100.4
Cambodia,2023,Riel (KHR),4085.00
Cameroon,1995,"CFA Franc, BEAC (XAF)",490
Cameroon,2005,"CFA Franc, BEAC (XAF)",556
Cameroon,2010,"CFA Franc, BEAC (XAF)",490.9
Cameroon,2015,"CFA Franc, BEAC (XAF)",602.5
Cameroon,2020,"CFA Franc, BEAC (XAF)",534.6
Cameroon,2021,"CFA Franc, BEAC (XAF)",579.2
Cameroon,2022,"CFA Franc, BEAC (XAF)",615
Cameroon,2023,"CFA Franc, BEAC (XAF)",593.6
Canada,1995,Canadian Dollar (CAD),1.4
Canada,2005,Canadian Dollar (CAD),1.2
Canada,2010,Canadian Dollar (CAD),1
Canada,2015,Canadian Dollar (CAD),1.4
Canada,2020,Canadian Dollar (CAD),1.3
Canada,2021,Canadian Dollar (CAD),1.3
Canada,2022,Canadian Dollar (CAD),1.4
Canada,2023,Canadian Dollar (CAD),1.3
Cayman Islands,1995,Cayman Islands Dollar (KYD),0.8
Cayman Islands,2005,Cayman Islands Dollar (KYD),0.8
Cayman Islands,2010,Cayman Islands Dollar (KYD),0.8
Cayman Islands,2015,Cayman Islands Dollar (KYD),0.8
Cayman Islands,2020,Cayman Islands Dollar (KYD),0.8
Cayman Islands,2021,Cayman Islands Dollar (KYD),0.8
Cayman Islands,2022,Cayman Islands Dollar (KYD),0.8
Cayman Islands,2023,Cayman Islands Dollar (KYD),0.8
Central African Republic,1995,"CFA Franc, BEAC (XAF)",490
Central African Republic,2005,"CFA Franc, BEAC (XAF)",556
Central African Republic,2010,"CFA Franc, BEAC (XAF)",490.9
Central African Republic,2015,"CFA Franc, BEAC (XAF)",602.5
Central African Republic,2020,"CFA Franc, BEAC (XAF)",534.6
Central African Republic,2021,"CFA Franc, BEAC (XAF)",579.2
Central African Republic,2022,"CFA Franc, BEAC (XAF)",615
Central African Republic,2023,"CFA Franc, BEAC (XAF)",593.6
Chad,1995,"CFA Franc, BEAC (XAF)",490
Chad,2005,"CFA Franc, BEAC (XAF)",556
Chad,2010,"CFA Franc, BEAC (XAF)",490.9
Chad,2015,"CFA Franc, BEAC (XAF)",602.5
Chad,2020,"CFA Franc, BEAC (XAF)",534.6
Chad,2021,"CFA Franc, BEAC (XAF)",579.2
Chad,2022,"CFA Franc, BEAC (XAF)",615
Chad,2023,"CFA Franc, BEAC (XAF)",593.6
Channel Islands,1995,Pound Sterling (GBP),0.6
Channel Islands,2005,Pound Sterling (GBP),0.6
Channel Islands,2010,Pound Sterling (GBP),0.6
Channel Islands,2015,Pound Sterling (GBP),0.7
Channel Islands,2020,Pound Sterling (GBP),0.7
Channel Islands,2021,Pound Sterling (GBP),0.7
Channel Islands,2022,Pound Sterling (GBP),0.8
Channel Islands,2023,Pound Sterling (GBP),0.8
Chile,1995,Chilean Peso (CLP),407.1
Chile,2005,Chilean Peso (CLP),514.2
Chile,2010,Chilean Peso (CLP),468.4
Chile,2015,Chilean Peso (CLP),707.3
Chile,2020,Chilean Peso (CLP),729
Chile,2021,Chilean Peso (CLP),866.3
Chile,2022,Chilean Peso (CLP),867
Chile,2023,Chilean Peso (CLP),873
China,1995,Yuan Renminbi (CNY),8.3
China,2005,Yuan Renminbi (CNY),8.1
China,2010,Yuan Renminbi (CNY),6.6
China,2015,Yuan Renminbi (CNY),6.5
China,2020,Yuan Renminbi (CNY),6.5
China,2021,Yuan Renminbi (CNY),6.4
China,2022,Yuan Renminbi (CNY),7
China,2023,Yuan Renminbi (CNY),7.1
"China, Hong Kong SAR",1995,Hong Kong Dollar (HKD),7.7
"China, Hong Kong SAR",2005,Hong Kong Dollar (HKD),7.8
"China, Hong Kong SAR",2010,Hong Kong Dollar (HKD),7.8
"China, Hong Kong SAR",2015,Hong Kong Dollar (HKD),7.8
"China, Hong Kong SAR",2020,Hong Kong Dollar (HKD),7.8
"China, Hong Kong SAR",2021,Hong Kong Dollar (HKD),7.8
"China, Hong Kong SAR",2022,Hong Kong Dollar (HKD),7.8
"China, Hong Kong SAR",2023,Hong Kong Dollar (HKD),7.8
"China, Macao SAR",1995,Pataca (MOP),8
"China, Macao SAR",2005,Pataca (MOP),8
"China, Macao SAR",2010,Pataca (MOP),8
"China, Macao SAR",2015,Pataca (MOP),8
"China, Macao SAR",2020,Pataca (MOP),8
"China, Macao SAR",2021,Pataca (MOP),8
"China, Macao SAR",2022,Pataca (MOP),8
"China, Macao SAR",2023,Pataca (MOP),8.1
Christmas Island,1995,Australian dollar (AUD),1.3
Christmas Island,2005,Australian dollar (AUD),1.4
Christmas Island,2010,Australian dollar (AUD),1
Christmas Island,2015,Australian dollar (AUD),1.4
Christmas Island,2020,Australian dollar (AUD),1.3
Christmas Island,2021,Australian dollar (AUD),1.4
Christmas Island,2022,Australian dollar (AUD),1.5
Christmas Island,2023,Australian dollar (AUD),1.5
Cocos (Keeling) Islands,1995,Australian dollar (AUD),1.3
Cocos (Keeling) Islands,2005,Australian dollar (AUD),1.4
Cocos (Keeling) Islands,2010,Australian dollar (AUD),1
Cocos (Keeling) Islands,2015,Australian dollar (AUD),1.4
Cocos (Keeling) Islands,2020,Australian dollar (AUD),1.3
Cocos (Keeling) Islands,2021,Australian dollar (AUD),1.4
Cocos (Keeling) Islands,2022,Australian dollar (AUD),1.5
Cocos (Keeling) Islands,2023,Australian dollar (AUD),1.5
Colombia,2023,Colombian Peso (COP),3822.10
Comoros,1995,Comorian Franc (KMF),367.5
Comoros,2005,Comorian Franc (KMF),417
Comoros,2010,Comorian Franc (KMF),368.2
Comoros,2015,Comorian Franc (KMF),451.9
Comoros,2020,Comorian Franc (KMF),400.9
Comoros,2021,Comorian Franc (KMF),434.4
Comoros,2022,Comorian Franc (KMF),461.2
Comoros,2023,Comorian Franc (KMF),445.2
Congo,1995,"CFA Franc, BEAC (XAF)",490
Congo,2005,"CFA Franc, BEAC (XAF)",556
Congo,2010,"CFA Franc, BEAC (XAF)",490.9
Congo,2015,"CFA Franc, BEAC (XAF)",602.5
Congo,2020,"CFA Franc, BEAC (XAF)",534.6
Congo,2021,"CFA Franc, BEAC (XAF)",579.2
Congo,2022,"CFA Franc, BEAC (XAF)",615
Congo,2023,"CFA Franc, BEAC (XAF)",593.6
Cook Islands,1995,New Zealand Dollar (NZD),1.5
Cook Islands,2005,New Zealand Dollar (NZD),1.5
Cook Islands,2010,New Zealand Dollar (NZD),1.3
Cook Islands,2015,New Zealand Dollar (NZD),1.5
Cook Islands,2020,New Zealand Dollar (NZD),1.4
Cook Islands,2021,New Zealand Dollar (NZD),1.5
Cook Islands,2022,New Zealand Dollar (NZD),1.6
Cook Islands,2023,New Zealand Dollar (NZD),1.6
Costa Rica,1995,Costa Rican Colon (CRC),194.9
Costa Rica,2005,Costa Rican Colon (CRC),496.7
Costa Rica,2010,Costa Rican Colon (CRC),513
Costa Rica,2015,Costa Rican Colon (CRC),538.4
Costa Rica,2020,Costa Rican Colon (CRC),613.9
Costa Rica,2021,Costa Rican Colon (CRC),642.2
Costa Rica,2022,Costa Rican Colon (CRC),598.1
Costa Rica,2023,Costa Rican Colon (CRC),523
Cote d Ivoire,2023,"CFA Franc, BCEAO (XOF)",593.6
Croatia,2023,Euro (EUR),0.9
Cuba,2015,Cuban Peso (CUP),1
Cuba,2020,Cuban Peso (CUP),1
Cuba,2021,Cuban Peso (CUP),24
Cuba,2022,Cuban Peso (CUP),24
Cuba,2023,Cuban Peso (CUP),24
Curacao,2010,Neth. Ant. Guilder (ANG),1.8
Curacao,2015,Neth. Ant. Guilder (ANG),1.8
Curacao,2020,Neth. Ant. Guilder (ANG),1.8
Curacao,2021,Neth. Ant. Guilder (ANG),1.8
Curacao,2022,Neth. Ant. Guilder (ANG),1.8
Curacao,2023,Neth. Ant. Guilder (ANG),1.8
Cyprus,2010,Euro (EUR),0.7
Cyprus,2015,Euro (EUR),0.9
Cyprus,2020,Euro (EUR),0.8
Cyprus,2021,Euro (EUR),0.9
Cyprus,2022,Euro (EUR),0.9
Cyprus,2023,Euro (EUR),0.9
Czechia,1995,Czech Koruna (CZK),26.6
Czechia,2005,Czech Koruna (CZK),24.6
Czechia,2010,Czech Koruna (CZK),18.8
Czechia,2015,Czech Koruna (CZK),24.8
Czechia,2020,Czech Koruna (CZK),21.4
Czechia,2021,Czech Koruna (CZK),22
Czechia,2022,Czech Koruna (CZK),22.6
Czechia,2023,Czech Koruna (CZK),22.4
Dem. People's Rep. Korea,2015,North Korean Won (KPW),109.7
Dem. People's Rep. Korea,2020,North Korean Won (KPW),103.1
Dem. People's Rep. Korea,2021,North Korean Won (KPW),110
Dem. People's Rep. Korea,2022,North Korean Won (KPW),110
Dem. People's Rep. Korea,2023,North Korean Won (KPW),110
Dem. Rep. of the Congo,2021,Congolese Franc (CDF),2000.00
Denmark,1995,Danish Krone (DKK),5.5
Denmark,2005,Danish Krone (DKK),6.3
Denmark,2010,Danish Krone (DKK),5.6
Denmark,2015,Danish Krone (DKK),6.8
Denmark,2020,Danish Krone (DKK),6.1
Denmark,2021,Danish Krone (DKK),6.6
Denmark,2022,Danish Krone (DKK),7
Denmark,2023,Danish Krone (DKK),6.7
Djibouti,1995,Djibouti Franc (DJF),177.7
Djibouti,2005,Djibouti Franc (DJF),177.7
Djibouti,2010,Djibouti Franc (DJF),177.7
Djibouti,2015,Djibouti Franc (DJF),177.7
Djibouti,2020,Djibouti Franc (DJF),177.7
Djibouti,2021,Djibouti Franc (DJF),177.7
Djibouti,2022,Djibouti Franc (DJF),177.7
Djibouti,2023,Djibouti Franc (DJF),177.7
Dominica,1995,E. Caribbean Dollar (XCD),2.7
Dominica,2005,E. Caribbean Dollar (XCD),2.7
Dominica,2010,E. Caribbean Dollar (XCD),2.7
Dominica,2015,E. Caribbean Dollar (XCD),2.7
Dominica,2020,E. Caribbean Dollar (XCD),2.7
Dominica,2021,E. Caribbean Dollar (XCD),2.7
Dominica,2022,E. Caribbean Dollar (XCD),2.7
Dominica,2023,E. Caribbean Dollar (XCD),2.7
Dominican Republic,1995,Dominican Peso (DOP),12.9
Dominican Republic,2005,Dominican Peso (DOP),34.5
Dominican Republic,2010,Dominican Peso (DOP),37.5
Dominican Republic,2015,Dominican Peso (DOP),45.6
Dominican Republic,2020,Dominican Peso (DOP),58.3
Dominican Republic,2021,Dominican Peso (DOP),57.5
Dominican Republic,2022,Dominican Peso (DOP),56.4
Dominican Republic,2023,Dominican Peso (DOP),58.3
Ecuador,2005,US Dollar (USD),1
Ecuador,2010,US Dollar (USD),1
Ecuador,2015,US Dollar (USD),1
Ecuador,2020,US Dollar (USD),1
Ecuador,2021,US Dollar (USD),1
Ecuador,2022,US Dollar (USD),1
Ecuador,2023,US Dollar (USD),1
Egypt,1995,Egyptian Pound (EGP),3.4
Egypt,2005,Egyptian Pound (EGP),5.7
Egypt,2010,Egyptian Pound (EGP),5.8
Egypt,2015,Egyptian Pound (EGP),7.8
Egypt,2020,Egyptian Pound (EGP),15.7
Egypt,2021,Egyptian Pound (EGP),15.7
Egypt,2022,Egyptian Pound (EGP),24.7
Egypt,2023,Egyptian Pound (EGP),30.8
El Salvador,2005,US Dollar (USD),1
El Salvador,2010,US Dollar (USD),1
El Salvador,2015,US Dollar (USD),1
El Salvador,2020,US Dollar (USD),1
El Salvador,2021,US Dollar (USD),1
El Salvador,2022,US Dollar (USD),1
El Salvador,2023,US Dollar (USD),1
Equatorial Guinea,1995,"CFA Franc, BEAC (XAF)",490
Equatorial Guinea,2005,"CFA Franc, BEAC (XAF)",556
Equatorial Guinea,2010,"CFA Franc, BEAC (XAF)",490.9
Equatorial Guinea,2015,"CFA Franc, BEAC (XAF)",602.5
Equatorial Guinea,2020,"CFA Franc, BEAC (XAF)",534.6
Equatorial Guinea,2021,"CFA Franc, BEAC (XAF)",579.2
Equatorial Guinea,2022,"CFA Franc, BEAC (XAF)",615
Equatorial Guinea,2023,"CFA Franc, BEAC (XAF)",593.6
Eritrea,1995,Nakfa (ERN),6.3
Eritrea,2005,Nakfa (ERN),15.4
Eritrea,2010,Nakfa (ERN),15.4
Eritrea,2015,Nakfa (ERN),15.4
Eritrea,2020,Nakfa (ERN),15.1
Eritrea,2021,Nakfa (ERN),15.1
Eritrea,2022,Nakfa (ERN),15.1
Eritrea,2023,Nakfa (ERN),15.1
Estonia,2015,Euro (EUR),0.9
Estonia,2020,Euro (EUR),0.8
Estonia,2021,Euro (EUR),0.9
Estonia,2022,Euro (EUR),0.9
Estonia,2023,Euro (EUR),0.9
Eswatini,1995,Lilangeni (SZL),3.6
Eswatini,2005,Lilangeni (SZL),6.3
Eswatini,2010,Lilangeni (SZL),6.6
Eswatini,2015,Lilangeni (SZL),15.5
Eswatini,2020,Lilangeni (SZL),14.6
Eswatini,2021,Lilangeni (SZL),15.2
Eswatini,2022,Lilangeni (SZL),17.1
Eswatini,2023,Lilangeni (SZL),18.4
Ethiopia,1995,Ethiopian Birr (ETB),6.3
Ethiopia,2005,Ethiopian Birr (ETB),8.7
Ethiopia,2010,Ethiopian Birr (ETB),16.6
Ethiopia,2015,Ethiopian Birr (ETB),21.1
Ethiopia,2020,Ethiopian Birr (ETB),39.2
Ethiopia,2021,Ethiopian Birr (ETB),49.2
Ethiopia,2022,Ethiopian Birr (ETB),53.3
Ethiopia,2023,Ethiopian Birr (ETB),56
Falkland Islands (Malvinas),1995,Falkland Islands Pound (FKP),0.6
Falkland Islands (Malvinas),2005,Falkland Islands Pound (FKP),0.6
Falkland Islands (Malvinas),2010,Falkland Islands Pound (FKP),0.6
Falkland Islands (Malvinas),2015,Falkland Islands Pound (FKP),0.7
Falkland Islands (Malvinas),2020,Falkland Islands Pound (FKP),0.7
Falkland Islands (Malvinas),2021,Falkland Islands Pound (FKP),0.7
Falkland Islands (Malvinas),2022,Falkland Islands Pound (FKP),0.8
Falkland Islands (Malvinas),2023,Falkland Islands Pound (FKP),0.8
Faroe Islands,1995,Danish Krone (DKK),5.5
Faroe Islands,2005,Danish Krone (DKK),6.3
Faroe Islands,2010,Danish Krone (DKK),5.6
Faroe Islands,2015,Danish Krone (DKK),6.8
Faroe Islands,2020,Danish Krone (DKK),6.1
Faroe Islands,2021,Danish Krone (DKK),6.6
Faroe Islands,2022,Danish Krone (DKK),7
Faroe Islands,2023,Danish Krone (DKK),6.7
Fiji,1995,Fiji Dollar (FJD),1.4
Fiji,2005,Fiji Dollar (FJD),1.7
Fiji,2010,Fiji Dollar (FJD),1.8
Fiji,2015,Fiji Dollar (FJD),2.1
Fiji,2020,Fiji Dollar (FJD),2
Fiji,2021,Fiji Dollar (FJD),2.1
Fiji,2022,Fiji Dollar (FJD),2.2
Fiji,2023,Fiji Dollar (FJD),2.2
Finland,2005,Euro (EUR),0.8
Finland,2010,Euro (EUR),0.7
Finland,2015,Euro (EUR),0.9
Finland,2020,Euro (EUR),0.8
Finland,2021,Euro (EUR),0.9
Finland,2022,Euro (EUR),0.9
Finland,2023,Euro (EUR),0.9
France,2005,Euro (EUR),0.8
France,2010,Euro (EUR),0.7
France,2015,Euro (EUR),0.9
France,2020,Euro (EUR),0.8
France,2021,Euro (EUR),0.9
France,2022,Euro (EUR),0.9
France,2023,Euro (EUR),0.9
French Guiana,2005,Euro (EUR),0.8
French Guiana,2010,Euro (EUR),0.7
French Guiana,2015,Euro (EUR),0.9
French Guiana,2020,Euro (EUR),0.8
French Guiana,2021,Euro (EUR),0.9
French Guiana,2022,Euro (EUR),0.9
French Guiana,2023,Euro (EUR),0.9
French Polynesia,1995,CFP Franc (XPF),89.1
French Polynesia,2005,CFP Franc (XPF),101.2
French Polynesia,2010,CFP Franc (XPF),89.3
French Polynesia,2015,CFP Franc (XPF),109.6
French Polynesia,2020,CFP Franc (XPF),97.2
French Polynesia,2021,CFP Franc (XPF),105.4
French Polynesia,2022,CFP Franc (XPF),111.9
French Polynesia,2023,CFP Franc (XPF),108
French Southern Territories,2005,Euro (EUR),0.8
French Southern Territories,2010,Euro (EUR),0.7
French Southern Territories,2015,Euro (EUR),0.9
French Southern Territories,2020,Euro (EUR),0.8
French Southern Territories,2021,Euro (EUR),0.9
French Southern Territories,2022,Euro (EUR),0.9
French Southern Territories,2023,Euro (EUR),0.9
Gabon,1995,"CFA Franc, BEAC (XAF)",490
Gabon,2005,"CFA Franc, BEAC (XAF)",556
Gabon,2010,"CFA Franc, BEAC (XAF)",490.9
Gabon,2015,"CFA Franc, BEAC (XAF)",602.5
Gabon,2020,"CFA Franc, BEAC (XAF)",534.6
Gabon,2021,"CFA Franc, BEAC (XAF)",579.2
Gabon,2022,"CFA Franc, BEAC (XAF)",615
Gabon,2023,"CFA Franc, BEAC (XAF)",593.6
Gambia,1995,Dalasi (GMD),9.6
Gambia,2005,Dalasi (GMD),28.1
Gambia,2010,Dalasi (GMD),28.4
Gambia,2015,Dalasi (GMD),39.8
Gambia,2020,Dalasi (GMD),51.6
Gambia,2021,Dalasi (GMD),52.6
Gambia,2022,Dalasi (GMD),60.8
Gambia,2023,Dalasi (GMD),64.3
Georgia,1995,Lari (GEL),1.2
Georgia,2005,Lari (GEL),1.8
Georgia,2010,Lari (GEL),1.8
Georgia,2015,Lari (GEL),2.4
Georgia,2020,Lari (GEL),3.3
Georgia,2021,Lari (GEL),3.1
Georgia,2022,Lari (GEL),2.7
Georgia,2023,Lari (GEL),2.7
Germany,2005,Euro (EUR),0.8
Germany,2010,Euro (EUR),0.7
Germany,2015,Euro (EUR),0.9
Germany,2020,Euro (EUR),0.8
Germany,2021,Euro (EUR),0.9
Germany,2022,Euro (EUR),0.9
Germany,2023,Euro (EUR),0.9
Ghana,1995,Ghana Cedi (GHS),0.1
Ghana,2005,Ghana Cedi (GHS),0.9
Ghana,2010,Ghana Cedi (GHS),1.5
Ghana,2015,Ghana Cedi (GHS),3.8
Ghana,2020,Ghana Cedi (GHS),5.8
Ghana,2021,Ghana Cedi (GHS),6
Ghana,2022,Ghana Cedi (GHS),8.6
Ghana,2023,Ghana Cedi (GHS),11.9
Gibraltar,1995,Gibraltar Pound (GIP),0.6
Gibraltar,2005,Gibraltar Pound (GIP),0.6
Gibraltar,2010,Gibraltar Pound (GIP),0.6
Gibraltar,2015,Gibraltar Pound (GIP),0.7
Gibraltar,2020,Gibraltar Pound (GIP),0.7
Gibraltar,2021,Gibraltar Pound (GIP),0.7
Gibraltar,2022,Gibraltar Pound (GIP),0.8
Gibraltar,2023,Gibraltar Pound (GIP),0.8
Greece,2005,Euro (EUR),0.8
Greece,2010,Euro (EUR),0.7
Greece,2015,Euro (EUR),0.9
Greece,2020,Euro (EUR),0.8
Greece,2021,Euro (EUR),0.9
Greece,2022,Euro (EUR),0.9
Greece,2023,Euro (EUR),0.9
Greenland,1995,Danish Krone (DKK),5.5
Greenland,2005,Danish Krone (DKK),6.3
Greenland,2010,Danish Krone (DKK),5.6
Greenland,2015,Danish Krone (DKK),6.8
Greenland,2020,Danish Krone (DKK),6.1
Greenland,2021,Danish Krone (DKK),6.6
Greenland,2022,Danish Krone (DKK),7
Greenland,2023,Danish Krone (DKK),6.7
Grenada,1995,E. Caribbean Dollar (XCD),2.7
Grenada,2005,E. Caribbean Dollar (XCD),2.7
Grenada,2010,E. Caribbean Dollar (XCD),2.7
Grenada,2015,E. Caribbean Dollar (XCD),2.7
Grenada,2020,E. Caribbean Dollar (XCD),2.7
Grenada,2021,E. Caribbean Dollar (XCD),2.7
Grenada,2022,E. Caribbean Dollar (XCD),2.7
Grenada,2023,E. Caribbean Dollar (XCD),2.7
Guadeloupe,2005,Euro (EUR),0.8
Guadeloupe,2010,Euro (EUR),0.7
Guadeloupe,2015,Euro (EUR),0.9
Guadeloupe,2020,Euro (EUR),0.8
Guadeloupe,2021,Euro (EUR),0.9
Guadeloupe,2022,Euro (EUR),0.9
Guadeloupe,2023,Euro (EUR),0.9
Guatemala,1995,Quetzal (GTQ),6
Guatemala,2005,Quetzal (GTQ),7.6
Guatemala,2010,Quetzal (GTQ),8
Guatemala,2015,Quetzal (GTQ),7.7
Guatemala,2020,Quetzal (GTQ),7.8
Guatemala,2021,Quetzal (GTQ),7.7
Guatemala,2022,Quetzal (GTQ),7.9
Guatemala,2023,Quetzal (GTQ),7.8
Guernsey,1995,Pound Sterling (GBP),0.6
Guernsey,2005,Pound Sterling (GBP),0.6
Guernsey,2010,Pound Sterling (GBP),0.6
Guernsey,2015,Pound Sterling (GBP),0.7
Guernsey,2020,Pound Sterling (GBP),0.7
Guernsey,2021,Pound Sterling (GBP),0.7
Guernsey,2022,Pound Sterling (GBP),0.8
Guernsey,2023,Pound Sterling (GBP),0.8
Guinea,2020,Guinean Franc (GNF),9990.00
Guinea-Bissau,1995,"CFA Franc, BCEAO (XOF)",490
Guinea-Bissau,2005,"CFA Franc, BCEAO (XOF)",556
Guinea-Bissau,2010,"CFA Franc, BCEAO (XOF)",490.9
Guinea-Bissau,2015,"CFA Franc, BCEAO (XOF)",602.5
Guinea-Bissau,2020,"CFA Franc, BCEAO (XOF)",534.6
Guinea-Bissau,2021,"CFA Franc, BCEAO (XOF)",579.2
Guinea-Bissau,2022,"CFA Franc, BCEAO (XOF)",615
Guinea-Bissau,2023,"CFA Franc, BCEAO (XOF)",593.6
Guyana,1995,Guyana Dollar (GYD),140.5
Guyana,2005,Guyana Dollar (GYD),200.3
Guyana,2010,Guyana Dollar (GYD),203.5
Guyana,2015,Guyana Dollar (GYD),206.5
Guyana,2020,Guyana Dollar (GYD),208.5
Guyana,2021,Guyana Dollar (GYD),208.5
Guyana,2022,Guyana Dollar (GYD),208.5
Guyana,2023,Guyana Dollar (GYD),208.5
Haiti,1995,Gourde (HTG),16.2
Haiti,2005,Gourde (HTG),43
Haiti,2010,Gourde (HTG),39.9
Haiti,2015,Gourde (HTG),56.7
Haiti,2020,Gourde (HTG),72.2
Haiti,2021,Gourde (HTG),99.9
Haiti,2022,Gourde (HTG),145.4
Haiti,2023,Gourde (HTG),131.8
Heard Is. and McDonald Is.,1995,Australian Dollar (AUD),1.3
Heard Is. and McDonald Is.,2005,Australian Dollar (AUD),1.4
Heard Is. and McDonald Is.,2010,Australian Dollar (AUD),1
Heard Is. and McDonald Is.,2015,Australian Dollar (AUD),1.4
Heard Is. and McDonald Is.,2020,Australian Dollar (AUD),1.3
Heard Is. and McDonald Is.,2021,Australian Dollar (AUD),1.4
Heard Is. and McDonald Is.,2022,Australian Dollar (AUD),1.5
Heard Is. and McDonald Is.,2023,Australian Dollar (AUD),1.5
Holy See,2005,Euro (EUR),0.8
Holy See,2010,Euro (EUR),0.7
Holy See,2015,Euro (EUR),0.9
Holy See,2020,Euro (EUR),0.8
Holy See,2021,Euro (EUR),0.9
Holy See,2022,Euro (EUR),0.9
Holy See,2023,Euro (EUR),0.9
Honduras,1995,Lempira (HNL),10.3
Honduras,2005,Lempira (HNL),18.9
Honduras,2010,Lempira (HNL),18.9
Honduras,2015,Lempira (HNL),22.4
Honduras,2020,Lempira (HNL),24.1
Honduras,2021,Lempira (HNL),24.3
Honduras,2022,Lempira (HNL),24.6
Honduras,2023,Lempira (HNL),24.7
Hungary,1995,Forint (HUF),139.5
Hungary,2005,Forint (HUF),213.6
Hungary,2010,Forint (HUF),208.7
Hungary,2015,Forint (HUF),286.6
Hungary,2020,Forint (HUF),297.4
Hungary,2021,Forint (HUF),325.7
Hungary,2022,Forint (HUF),375.7
Hungary,2023,Forint (HUF),346.4
Iceland,1995,Iceland Krona (ISK),65.2
Iceland,2005,Iceland Krona (ISK),63
Iceland,2010,Iceland Krona (ISK),115.1
Iceland,2015,Iceland Krona (ISK),129.6
Iceland,2020,Iceland Krona (ISK),127.2
Iceland,2021,Iceland Krona (ISK),130.4
Iceland,2022,Iceland Krona (ISK),142
Iceland,2023,Iceland Krona (ISK),136.2
India,1995,Indian Rupee (INR),35.2
India,2005,Indian Rupee (INR),45.1
India,2010,Indian Rupee (INR),44.8
India,2015,Indian Rupee (INR),66.3
India,2020,Indian Rupee (INR),73.1
India,2021,Indian Rupee (INR),74.3
India,2022,Indian Rupee (INR),82.8
India,2023,Indian Rupee (INR),83.1
Indonesia,2023,Rupiah (IDR),15416.00
Iran (Islamic Republic of),2023,Iranian Rial (IRR),42000.00
Iraq,2023,Iraqi Dinar (IQD),1300.00
Ireland,2005,Euro (EUR),0.8
Ireland,2010,Euro (EUR),0.7
Ireland,2015,Euro (EUR),0.9
Ireland,2020,Euro (EUR),0.8
Ireland,2021,Euro (EUR),0.9
Ireland,2022,Euro (EUR),0.9
Ireland,2023,Euro (EUR),0.9
Isle of Man,1995,Pound Sterling (GBP),0.6
Isle of Man,2005,Pound Sterling (GBP),0.6
Isle of Man,2010,Pound Sterling (GBP),0.6
Isle of Man,2015,Pound Sterling (GBP),0.7
Isle of Man,2020,Pound Sterling (GBP),0.7
Isle of Man,2021,Pound Sterling (GBP),0.7
Isle of Man,2022,Pound Sterling (GBP),0.8
Isle of Man,2023,Pound Sterling (GBP),0.8
Israel,1995,New Israeli Sheqel (ILS),3.1
Israel,2005,New Israeli Sheqel (ILS),4.6
Israel,2010,New Israeli Sheqel (ILS),3.5
Israel,2015,New Israeli Sheqel (ILS),3.9
Israel,2020,New Israeli Sheqel (ILS),3.2
Israel,2021,New Israeli Sheqel (ILS),3.1
Israel,2022,New Israeli Sheqel (ILS),3.5
Israel,2023,New Israeli Sheqel (ILS),3.6
Italy,2005,Euro (EUR),0.8
Italy,2010,Euro (EUR),0.7
Italy,2015,Euro (EUR),0.9
Italy,2020,Euro (EUR),0.8
Italy,2021,Euro (EUR),0.9
Italy,2022,Euro (EUR),0.9
Italy,2023,Euro (EUR),0.9
Jamaica,1995,Jamaican Dollar (JMD),39.6
Jamaica,2005,Jamaican Dollar (JMD),64.4
Jamaica,2010,Jamaican Dollar (JMD),85.6
Jamaica,2015,Jamaican Dollar (JMD),120
Jamaica,2020,Jamaican Dollar (JMD),141.7
Jamaica,2021,Jamaican Dollar (JMD),153.9
Jamaica,2022,Jamaican Dollar (JMD),151
Jamaica,2023,Jamaican Dollar (JMD),154.3
Japan,1995,Yen (JPY),102.8
Japan,2005,Yen (JPY),118
Japan,2010,Yen (JPY),81.5
Japan,2015,Yen (JPY),120.5
Japan,2020,Yen (JPY),103.6
Japan,2021,Yen (JPY),114.2
Japan,2022,Yen (JPY),132.7
Japan,2023,Yen (JPY),141.9
Jersey,1995,Pound Sterling (GBP),0.6
Jersey,2005,Pound Sterling (GBP),0.6
Jersey,2010,Pound Sterling (GBP),0.6
Jersey,2015,Pound Sterling (GBP),0.7
Jersey,2020,Pound Sterling (GBP),0.7
Jersey,2021,Pound Sterling (GBP),0.7
Jersey,2022,Pound Sterling (GBP),0.8
Jersey,2023,Pound Sterling (GBP),0.8
Jordan,1995,Jordanian Dinar (JOD),0.7
Jordan,2005,Jordanian Dinar (JOD),0.7
Jordan,2010,Jordanian Dinar (JOD),0.7
Jordan,2015,Jordanian Dinar (JOD),0.7
Jordan,2020,Jordanian Dinar (JOD),0.7
Jordan,2021,Jordanian Dinar (JOD),0.7
Jordan,2022,Jordanian Dinar (JOD),0.7
Jordan,2023,Jordanian Dinar (JOD),0.7
Kazakhstan,1995,Tenge (KZT),64
Kazakhstan,2005,Tenge (KZT),134
Kazakhstan,2010,Tenge (KZT),147.5
Kazakhstan,2015,Tenge (KZT),340
Kazakhstan,2020,Tenge (KZT),420.9
Kazakhstan,2021,Tenge (KZT),431.8
Kazakhstan,2022,Tenge (KZT),462.7
Kazakhstan,2023,Tenge (KZT),454.6
Kenya,1995,Kenyan Shilling (KES),55.9
Kenya,2005,Kenyan Shilling (KES),72.4
Kenya,2010,Kenyan Shilling (KES),80.8
Kenya,2015,Kenyan Shilling (KES),102.3
Kenya,2020,Kenyan Shilling (KES),109.2
Kenya,2021,Kenyan Shilling (KES),113.1
Kenya,2022,Kenyan Shilling (KES),123.4
Kenya,2023,Kenyan Shilling (KES),156.5
Kiribati,1995,Australian Dollar (AUD),1.3
Kiribati,2005,Australian Dollar (AUD),1.4
Kiribati,2010,Australian Dollar (AUD),1
Kiribati,2015,Australian Dollar (AUD),1.4
Kiribati,2020,Australian Dollar (AUD),1.3
Kiribati,2021,Australian Dollar (AUD),1.4
Kiribati,2022,Australian Dollar (AUD),1.5
Kiribati,2023,Australian Dollar (AUD),1.5
Kosovo,2005,Euro (EUR),0.8
Kosovo,2010,Euro (EUR),0.7
Kosovo,2015,Euro (EUR),0.9
Kosovo,2020,Euro (EUR),0.8
Kosovo,2021,Euro (EUR),0.9
Kosovo,2022,Euro (EUR),0.9
Kosovo,2023,Euro (EUR),0.9
Kuwait,1995,Kuwaiti Dinar (KWD),0.3
Kuwait,2005,Kuwaiti Dinar (KWD),0.3
Kuwait,2010,Kuwaiti Dinar (KWD),0.3
Kuwait,2015,Kuwaiti Dinar (KWD),0.3
Kuwait,2020,Kuwaiti Dinar (KWD),0.3
Kuwait,2021,Kuwaiti Dinar (KWD),0.3
Kuwait,2022,Kuwaiti Dinar (KWD),0.3
Kuwait,2023,Kuwaiti Dinar (KWD),0.3
Kyrgyzstan,1995,Som (KGS),11.2
Kyrgyzstan,2005,Som (KGS),41.3
Kyrgyzstan,2010,Som (KGS),47.1
Kyrgyzstan,2015,Som (KGS),75.9
Kyrgyzstan,2020,Som (KGS),82.6
Kyrgyzstan,2021,Som (KGS),84.8
Kyrgyzstan,2022,Som (KGS),85.7
Kyrgyzstan,2023,Som (KGS),89.1
Lao People's Dem. Rep.,2023,Lao Kip (LAK),19162.00
Latvia,2015,Euro (EUR),0.9
Latvia,2020,Euro (EUR),0.8
Latvia,2021,Euro (EUR),0.9
Latvia,2022,Euro (EUR),0.9
Latvia,2023,Euro (EUR),0.9
Lebanon,2022,Lebanese Pound (LBP),1507.50
Lesotho,1995,Loti (LSL),3.6
Lesotho,2005,Loti (LSL),6.3
Lesotho,2010,Loti (LSL),6.6
Lesotho,2015,Loti (LSL),15.5
Lesotho,2020,Loti (LSL),14.7
Lesotho,2021,Loti (LSL),15.9
Lesotho,2022,Loti (LSL),17
Lesotho,2023,Loti (LSL),18.5
Liberia,1995,Liberian Dollar (LRD),43.8
Liberia,2005,Liberian Dollar (LRD),56.5
Liberia,2010,Liberian Dollar (LRD),71.5
Liberia,2015,Liberian Dollar (LRD),88.5
Liberia,2020,Liberian Dollar (LRD),164.2
Liberia,2021,Liberian Dollar (LRD),145.4
Liberia,2022,Liberian Dollar (LRD),154.5
Libya,1995,Libyan Dinar (LYD),0.4
Libya,2005,Libyan Dinar (LYD),1.4
Libya,2010,Libyan Dinar (LYD),1.3
Libya,2015,Libyan Dinar (LYD),1.4
Libya,2020,Libyan Dinar (LYD),1.3
Libya,2021,Libyan Dinar (LYD),4.6
Libya,2022,Libyan Dinar (LYD),4.8
Libya,2023,Libyan Dinar (LYD),4.8
Liechtenstein,1995,Swiss Franc (CHF),1.2
Liechtenstein,2005,Swiss Franc (CHF),1.3
Liechtenstein,2010,Swiss Franc (CHF),0.9
Liechtenstein,2015,Swiss Franc (CHF),1
Liechtenstein,2020,Swiss Franc (CHF),0.9
Liechtenstein,2021,Swiss Franc (CHF),0.9
Liechtenstein,2022,Swiss Franc (CHF),0.9
Liechtenstein,2023,Swiss Franc (CHF),0.8
Lithuania,2015,Euro (EUR),0.9
Lithuania,2020,Euro (EUR),0.8
Lithuania,2021,Euro (EUR),0.9
Lithuania,2022,Euro (EUR),0.9
Lithuania,2023,Euro (EUR),0.9
Luxembourg,2005,Euro (EUR),0.8
Luxembourg,2010,Euro (EUR),0.7
Luxembourg,2015,Euro (EUR),0.9
Luxembourg,2020,Euro (EUR),0.8
Luxembourg,2021,Euro (EUR),0.9
Luxembourg,2022,Euro (EUR),0.9
Luxembourg,2023,Euro (EUR),0.9
Madagascar,2023,Malagasy Ariary (MGA),4572.80
Malawi,1995,Malawi Kwacha (MWK),15.3
Malawi,2005,Malawi Kwacha (MWK),123.8
Malawi,2010,Malawi Kwacha (MWK),150.8
Malawi,2015,Malawi Kwacha (MWK),672.7
Malawi,2020,Malawi Kwacha (MWK),773.1
Malaysia,1995,Malaysian Ringgit (MYR),2.5
Malaysia,2005,Malaysian Ringgit (MYR),3.8
Malaysia,2010,Malaysian Ringgit (MYR),3.1
Malaysia,2015,Malaysian Ringgit (MYR),4.3
Malaysia,2020,Malaysian Ringgit (MYR),4
Malaysia,2021,Malaysian Ringgit (MYR),4.2
Malaysia,2022,Malaysian Ringgit (MYR),4.4
Malaysia,2023,Malaysian Ringgit (MYR),4.6
Maldives,1995,Rufiyaa (MVR),11.8
Maldives,2005,Rufiyaa (MVR),12.8
Maldives,2010,Rufiyaa (MVR),12.8
Maldives,2015,Rufiyaa (MVR),15.4
Maldives,2020,Rufiyaa (MVR),15.4
Maldives,2021,Rufiyaa (MVR),15.4
Maldives,2022,Rufiyaa (MVR),15.4
Maldives,2023,Rufiyaa (MVR),15.4
Mali,1995,"CFA Franc, BCEAO (XOF)",490
Mali,2005,"CFA Franc, BCEAO (XOF)",556
Mali,2010,"CFA Franc, BCEAO (XOF)",490.9
Mali,2015,"CFA Franc, BCEAO (XOF)",602.5
Mali,2020,"CFA Franc, BCEAO (XOF)",534.6
Mali,2021,"CFA Franc, BCEAO (XOF)",579.2
Mali,2022,"CFA Franc, BCEAO (XOF)",615
Mali,2023,"CFA Franc, BCEAO (XOF)",593.6
Malta,2010,Euro (EUR),0.7
Malta,2015,Euro (EUR),0.9
Malta,2020,Euro (EUR),0.8
Malta,2021,Euro (EUR),0.9
Malta,2022,Euro (EUR),0.9
Malta,2023,Euro (EUR),0.9
Martinique,2005,Euro (EUR),0.8
Martinique,2010,Euro (EUR),0.7
Martinique,2015,Euro (EUR),0.9
Martinique,2020,Euro (EUR),0.8
Martinique,2021,Euro (EUR),0.9
Martinique,2022,Euro (EUR),0.9
Martinique,2023,Euro (EUR),0.9
Mauritania,1995,Ouguiya (MRU),13.7
Mauritania,2005,Ouguiya (MRU),27.1
Mauritania,2010,Ouguiya (MRU),28.2
Mauritania,2015,Ouguiya (MRU),33.9
Mauritania,2020,Ouguiya (MRU),36.7
Mauritania,2021,Ouguiya (MRU),36.2
Mauritius,1995,Mauritius Rupee (MUR),17.7
Mauritius,2005,Mauritius Rupee (MUR),30.7
Mauritius,2010,Mauritius Rupee (MUR),30.4
Mauritius,2015,Mauritius Rupee (MUR),35.9
Mauritius,2020,Mauritius Rupee (MUR),39.5
Mauritius,2021,Mauritius Rupee (MUR),43.5
Mauritius,2022,Mauritius Rupee (MUR),43.9
Mauritius,2023,Mauritius Rupee (MUR),44.3
Mayotte,2005,Euro (EUR),0.8
Mayotte,2010,Euro (EUR),0.7
Mayotte,2015,Euro (EUR),0.9
Mayotte,2020,Euro (EUR),0.8
Mayotte,2021,Euro (EUR),0.9
Mayotte,2022,Euro (EUR),0.9
Mayotte,2023,Euro (EUR),0.9
Mexico,1995,Mexican Peso (MXN),7.6
Mexico,2005,Mexican Peso (MXN),10.8
Mexico,2010,Mexican Peso (MXN),12.4
Mexico,2015,Mexican Peso (MXN),17.2
Mexico,2020,Mexican Peso (MXN),19.9
Mexico,2021,Mexican Peso (MXN),20.6
Mexico,2022,Mexican Peso (MXN),19.4
Mexico,2023,Mexican Peso (MXN),16.9
Monaco,2005,Euro (EUR),0.8
Monaco,2010,Euro (EUR),0.7
Monaco,2015,Euro (EUR),0.9
Monaco,2020,Euro (EUR),0.8
Monaco,2021,Euro (EUR),0.9
Monaco,2022,Euro (EUR),0.9
Monaco,2023,Euro (EUR),0.9
Mongolia,2023,Tugrik (MNT),3410.70
Montenegro,2005,Euro (EUR),0.8
Montenegro,2010,Euro (EUR),0.7
Montenegro,2015,Euro (EUR),0.9
Montenegro,2020,Euro (EUR),0.8
Montenegro,2021,Euro (EUR),0.9
Montenegro,2022,Euro (EUR),0.9
Montenegro,2023,Euro (EUR),0.9
Montserrat,1995,E. Caribbean Dollar (XCD),2.7
Montserrat,2005,E. Caribbean Dollar (XCD),2.7
Montserrat,2010,E. Caribbean Dollar (XCD),2.7
Montserrat,2015,E. Caribbean Dollar (XCD),2.7
Montserrat,2020,E. Caribbean Dollar (XCD),2.7
Montserrat,2021,E. Caribbean Dollar (XCD),2.7
Montserrat,2022,E. Caribbean Dollar (XCD),2.7
Montserrat,2023,E. Caribbean Dollar (XCD),2.7
Morocco,1995,Moroccan Dirham (MAD),8.5
Morocco,2005,Moroccan Dirham (MAD),9.2
Morocco,2010,Moroccan Dirham (MAD),8.4
Morocco,2015,Moroccan Dirham (MAD),9.9
Morocco,2020,Moroccan Dirham (MAD),8.9
Morocco,2021,Moroccan Dirham (MAD),9.3
Morocco,2022,Moroccan Dirham (MAD),10.4
Morocco,2023,Moroccan Dirham (MAD),9.9
Mozambique,1995,Mozambique Metical (MZN),10.9
Mozambique,2005,Mozambique Metical (MZN),24.2
Mozambique,2010,Mozambique Metical (MZN),32.6
Mozambique,2015,Mozambique Metical (MZN),45.9
Mozambique,2020,Mozambique Metical (MZN),74.9
Mozambique,2021,Mozambique Metical (MZN),63.8
Mozambique,2022,Mozambique Metical (MZN),63.9
Mozambique,2023,Mozambique Metical (MZN),63.9
Myanmar,2020,Kyat (MMK),1329.10
Namibia,1995,Namibia Dollar (NAD),3.6
Namibia,2005,Namibia Dollar (NAD),6.3
Namibia,2010,Namibia Dollar (NAD),6.6
Namibia,2015,Namibia Dollar (NAD),15.5
Namibia,2020,Namibia Dollar (NAD),14.6
Namibia,2021,Namibia Dollar (NAD),15.9
Namibia,2022,Namibia Dollar (NAD),17
Namibia,2023,Namibia Dollar (NAD),18.6
Nauru,1995,Australian Dollar (AUD),1.3
Nauru,2005,Australian Dollar (AUD),1.4
Nauru,2010,Australian Dollar (AUD),1
Nauru,2015,Australian Dollar (AUD),1.4
Nauru,2020,Australian Dollar (AUD),1.3
Nauru,2021,Australian Dollar (AUD),1.4
Nauru,2022,Australian Dollar (AUD),1.5
Nauru,2023,Australian Dollar (AUD),1.5
Nepal,1995,Nepalese Rupee (NPR),56
Nepal,2005,Nepalese Rupee (NPR),74.1
Nepal,2010,Nepalese Rupee (NPR),71.7
Nepal,2015,Nepalese Rupee (NPR),107.3
Nepal,2020,Nepalese Rupee (NPR),117.8
Nepal,2021,Nepalese Rupee (NPR),121.4
Nepal,2022,Nepalese Rupee (NPR),131.9
Nepal,2023,Nepalese Rupee (NPR),132.8
Netherlands (Kingdom of the),2005,Euro (EUR),0.8
Netherlands (Kingdom of the),2010,Euro (EUR),0.7
Netherlands (Kingdom of the),2015,Euro (EUR),0.9
Netherlands (Kingdom of the),2020,Euro (EUR),0.8
Netherlands (Kingdom of the),2021,Euro (EUR),0.9
Netherlands (Kingdom of the),2022,Euro (EUR),0.9
Netherlands (Kingdom of the),2023,Euro (EUR),0.9
New Caledonia,1995,CFP Franc (XPF),89.1
New Caledonia,2005,CFP Franc (XPF),101.2
New Caledonia,2010,CFP Franc (XPF),89.3
New Caledonia,2015,CFP Franc (XPF),109.6
New Caledonia,2020,CFP Franc (XPF),97.2
New Caledonia,2021,CFP Franc (XPF),105.4
New Caledonia,2022,CFP Franc (XPF),111.9
New Caledonia,2023,CFP Franc (XPF),108
New Zealand,1995,New Zealand Dollar (NZD),1.5
New Zealand,2005,New Zealand Dollar (NZD),1.5
New Zealand,2010,New Zealand Dollar (NZD),1.3
New Zealand,2015,New Zealand Dollar (NZD),1.5
New Zealand,2020,New Zealand Dollar (NZD),1.4
New Zealand,2021,New Zealand Dollar (NZD),1.5
New Zealand,2022,New Zealand Dollar (NZD),1.6
New Zealand,2023,New Zealand Dollar (NZD),1.6
Nicaragua,1995,Cordoba Oro (NIO),8
Nicaragua,2005,Cordoba Oro (NIO),17.1
Nicaragua,2010,Cordoba Oro (NIO),21.9
Nicaragua,2015,Cordoba Oro (NIO),27.9
Nicaragua,2020,Cordoba Oro (NIO),34.8
Nicaragua,2021,Cordoba Oro (NIO),35.5
Nicaragua,2022,Cordoba Oro (NIO),36.2
Nicaragua,2023,Cordoba Oro (NIO),36.6
Niger,1995,"CFA Franc, BCEAO (XOF)",490
Niger,2005,"CFA Franc, BCEAO (XOF)",556
Niger,2010,"CFA Franc, BCEAO (XOF)",490.9
Niger,2015,"CFA Franc, BCEAO (XOF)",602.5
Niger,2020,"CFA Franc, BCEAO (XOF)",534.6
Niger,2021,"CFA Franc, BCEAO (XOF)",579.2
Niger,2022,"CFA Franc, BCEAO (XOF)",615
Niger,2023,"CFA Franc, BCEAO (XOF)",593.6
Nigeria,1995,Naira (NGN),21.9
Nigeria,2005,Naira (NGN),129
Nigeria,2010,Naira (NGN),150.7
Nigeria,2015,Naira (NGN),197
Nigeria,2020,Naira (NGN),381
Nigeria,2021,Naira (NGN),435
Nigeria,2022,Naira (NGN),460
Niue,1995,New Zealand Dollar (NZD),1.5
Niue,2005,New Zealand Dollar (NZD),1.5
Niue,2010,New Zealand Dollar (NZD),1.3
Niue,2015,New Zealand Dollar (NZD),1.5
Niue,2020,New Zealand Dollar (NZD),1.4
Niue,2021,New Zealand Dollar (NZD),1.5
Niue,2022,New Zealand Dollar (NZD),1.6
Niue,2023,New Zealand Dollar (NZD),1.6
Norfolk Island,1995,Australian dollar (AUD),1.3
Norfolk Island,2005,Australian dollar (AUD),1.4
Norfolk Island,2010,Australian dollar (AUD),1
Norfolk Island,2015,Australian dollar (AUD),1.4
Norfolk Island,2020,Australian dollar (AUD),1.3
Norfolk Island,2021,Australian dollar (AUD),1.4
Norfolk Island,2022,Australian dollar (AUD),1.5
Norfolk Island,2023,Australian dollar (AUD),1.5
North Macedonia,1995,Denar (MKD),38
North Macedonia,2005,Denar (MKD),51.9
North Macedonia,2010,Denar (MKD),46.3
North Macedonia,2015,Denar (MKD),56.4
North Macedonia,2020,Denar (MKD),50.2
North Macedonia,2021,Denar (MKD),54.4
North Macedonia,2022,Denar (MKD),57.7
North Macedonia,2023,Denar (MKD),55.7
Norway,1995,Norwegian Krone (NOK),6.3
Norway,2005,Norwegian Krone (NOK),6.8
Norway,2010,Norwegian Krone (NOK),5.9
Norway,2015,Norwegian Krone (NOK),8.8
Norway,2020,Norwegian Krone (NOK),8.5
Norway,2021,Norwegian Krone (NOK),8.8
Norway,2022,Norwegian Krone (NOK),9.9
Norway,2023,Norwegian Krone (NOK),10.2
Oman,1995,Rial Omani (OMR),0.4
Oman,2005,Rial Omani (OMR),0.4
Oman,2010,Rial Omani (OMR),0.4
Oman,2015,Rial Omani (OMR),0.4
Oman,2020,Rial Omani (OMR),0.4
Oman,2021,Rial Omani (OMR),0.4
Oman,2022,Rial Omani (OMR),0.4
Oman,2023,Rial Omani (OMR),0.4
Other non-specified areas,1995,New Taiwan Dollar (TWD),27.3
Other non-specified areas,2005,New Taiwan Dollar (TWD),32.9
Other non-specified areas,2010,New Taiwan Dollar (TWD),30.4
Other non-specified areas,2015,New Taiwan Dollar (TWD),33.1
Other non-specified areas,2020,New Taiwan Dollar (TWD),28.5
Other non-specified areas,2021,New Taiwan Dollar (TWD),27.7
Other non-specified areas,2022,New Taiwan Dollar (TWD),30.7
Other non-specified areas,2023,New Taiwan Dollar (TWD),30.7
Pakistan,1995,Pakistan Rupee (PKR),34.3
Pakistan,2005,Pakistan Rupee (PKR),59.8
Pakistan,2010,Pakistan Rupee (PKR),85.7
Pakistan,2015,Pakistan Rupee (PKR),104.9
Pakistan,2020,Pakistan Rupee (PKR),159.6
Pakistan,2021,Pakistan Rupee (PKR),176.5
Pakistan,2022,Pakistan Rupee (PKR),226.5
Pakistan,2023,Pakistan Rupee (PKR),281.9
Panama,1995,Balboa (PAB),1
Panama,2005,Balboa (PAB),1
Panama,2010,Balboa (PAB),1
Panama,2015,Balboa (PAB),1
Panama,2020,Balboa (PAB),1
Panama,2021,Balboa (PAB),1
Panama,2022,Balboa (PAB),1
Panama,2023,Balboa (PAB),1
Papua New Guinea,1995,Kina (PGK),1.3
Papua New Guinea,2005,Kina (PGK),3.1
Papua New Guinea,2010,Kina (PGK),2.6
Papua New Guinea,2015,Kina (PGK),3
Papua New Guinea,2020,Kina (PGK),3.5
Papua New Guinea,2021,Kina (PGK),3.5
Papua New Guinea,2022,Kina (PGK),3.5
Paraguay,2023,Guarani (PYG),7273.60
Peru,1995,Sol (PEN),2.3
Peru,2005,Sol (PEN),3.4
Peru,2010,Sol (PEN),2.8
Peru,2015,Sol (PEN),3.4
Peru,2020,Sol (PEN),3.6
Peru,2021,Sol (PEN),4
Peru,2022,Sol (PEN),3.8
Peru,2023,Sol (PEN),3.7
Philippines,1995,Philippine Piso (PHP),26.2
Philippines,2005,Philippine Piso (PHP),53.1
Philippines,2010,Philippine Piso (PHP),43.9
Philippines,2015,Philippine Piso (PHP),47.2
Philippines,2020,Philippine Piso (PHP),48
Philippines,2021,Philippine Piso (PHP),50.8
Philippines,2022,Philippine Piso (PHP),56.1
Philippines,2023,Philippine Piso (PHP),55.6
Pitcairn,1995,New Zealand dollar (NZD),1.5
Pitcairn,2005,New Zealand dollar (NZD),1.5
Pitcairn,2010,New Zealand dollar (NZD),1.3
Pitcairn,2015,New Zealand dollar (NZD),1.5
Pitcairn,2020,New Zealand dollar (NZD),1.4
Pitcairn,2021,New Zealand dollar (NZD),1.5
Pitcairn,2022,New Zealand dollar (NZD),1.6
Pitcairn,2023,New Zealand dollar (NZD),1.6
Poland,1995,Zloty (PLN),2.5
Poland,2005,Zloty (PLN),3.3
Poland,2010,Zloty (PLN),3
Poland,2015,Zloty (PLN),3.9
Poland,2020,Zloty (PLN),3.8
Poland,2021,Zloty (PLN),4.1
Poland,2022,Zloty (PLN),4.4
Poland,2023,Zloty (PLN),3.9
Portugal,2005,Euro (EUR),0.8
Portugal,2010,Euro (EUR),0.7
Portugal,2015,Euro (EUR),0.9
Portugal,2020,Euro (EUR),0.8
Portugal,2021,Euro (EUR),0.9
Portugal,2022,Euro (EUR),0.9
Portugal,2023,Euro (EUR),0.9
Qatar,1995,Qatari Rial (QAR),3.6
Qatar,2005,Qatari Rial (QAR),3.6
Qatar,2010,Qatari Rial (QAR),3.6
Qatar,2015,Qatari Rial (QAR),3.6
Qatar,2020,Qatari Rial (QAR),3.6
Qatar,2021,Qatari Rial (QAR),3.6
Qatar,2022,Qatari Rial (QAR),3.6
Qatar,2023,Qatari Rial (QAR),3.6
Republic of Korea,2023,South Korean Won (KRW),1289.40
Republic of Moldova,1995,Moldovan Leu (MDL),4.5
Republic of Moldova,2005,Moldovan Leu (MDL),12.8
Republic of Moldova,2010,Moldovan Leu (MDL),12.2
Republic of Moldova,2015,Moldovan Leu (MDL),19.7
Republic of Moldova,2020,Moldovan Leu (MDL),17.2
Republic of Moldova,2021,Moldovan Leu (MDL),17.7
Republic of Moldova,2022,Moldovan Leu (MDL),19.2
Republic of Moldova,2023,Moldovan Leu (MDL),17.4
Reunion,2023,Euro (EUR),0.9
Romania,1995,Romanian Leu (RON),0.3
Romania,2005,Romanian Leu (RON),3.1
Romania,2010,Romanian Leu (RON),3.2
Romania,2015,Romanian Leu (RON),4.1
Romania,2020,Romanian Leu (RON),4
Romania,2021,Romanian Leu (RON),4.4
Romania,2022,Romanian Leu (RON),4.6
Romania,2023,Romanian Leu (RON),4.5
Russian Federation,1995,Russian Ruble (RUB),4.6
Russian Federation,2005,Russian Ruble (RUB),28.8
Russian Federation,2010,Russian Ruble (RUB),30.5
Russian Federation,2015,Russian Ruble (RUB),72.9
Russian Federation,2020,Russian Ruble (RUB),73.9
Russian Federation,2021,Russian Ruble (RUB),74.3
Russian Federation,2022,Russian Ruble (RUB),70.3
Russian Federation,2023,Russian Ruble (RUB),89.7
Rwanda,2023,Rwanda Franc (RWF),1263.90
Saint Barthelemy,2023,Euro (EUR),0.9
Saint Helena,1995,Saint Helena Pound (SHP),0.6
Saint Helena,2005,Saint Helena Pound (SHP),0.6
Saint Helena,2010,Saint Helena Pound (SHP),0.6
Saint Helena,2015,Saint Helena Pound (SHP),0.7
Saint Helena,2020,Saint Helena Pound (SHP),0.7
Saint Helena,2021,Saint Helena Pound (SHP),0.7
Saint Helena,2022,Saint Helena Pound (SHP),0.8
Saint Helena,2023,Saint Helena Pound (SHP),0.8
Saint Kitts and Nevis,1995,E. Caribbean Dollar (XCD),2.7
Saint Kitts and Nevis,2005,E. Caribbean Dollar (XCD),2.7
Saint Kitts and Nevis,2010,E. Caribbean Dollar (XCD),2.7
Saint Kitts and Nevis,2015,E. Caribbean Dollar (XCD),2.7
Saint Kitts and Nevis,2020,E. Caribbean Dollar (XCD),2.7
Saint Kitts and Nevis,2021,E. Caribbean Dollar (XCD),2.7
Saint Kitts and Nevis,2022,E. Caribbean Dollar (XCD),2.7
Saint Kitts and Nevis,2023,E. Caribbean Dollar (XCD),2.7
Saint Lucia,1995,E. Caribbean Dollar (XCD),2.7
Saint Lucia,2005,E. Caribbean Dollar (XCD),2.7
Saint Lucia,2010,E. Caribbean Dollar (XCD),2.7
Saint Lucia,2015,E. Caribbean Dollar (XCD),2.7
Saint Lucia,2020,E. Caribbean Dollar (XCD),2.7
Saint Lucia,2021,E. Caribbean Dollar (XCD),2.7
Saint Lucia,2022,E. Caribbean Dollar (XCD),2.7
Saint Lucia,2023,E. Caribbean Dollar (XCD),2.7
Saint Martin (French part),2005,Euro (EUR),0.8
Saint Martin (French part),2010,Euro (EUR),0.7
Saint Martin (French part),2015,Euro (EUR),0.9
Saint Martin (French part),2020,Euro (EUR),0.8
Saint Martin (French part),2021,Euro (EUR),0.9
Saint Martin (French part),2022,Euro (EUR),0.9
Saint Martin (French part),2023,Euro (EUR),0.9
Saint Pierre and Miquelon,2005,Euro (EUR),0.8
Saint Pierre and Miquelon,2010,Euro (EUR),0.7
Saint Pierre and Miquelon,2015,Euro (EUR),0.9
Saint Pierre and Miquelon,2020,Euro (EUR),0.8
Saint Pierre and Miquelon,2021,Euro (EUR),0.9
Saint Pierre and Miquelon,2022,Euro (EUR),0.9
Saint Pierre and Miquelon,2023,Euro (EUR),0.9
Saint Vincent & Grenadines,1995,E. Caribbean Dollar (XCD),2.7
Saint Vincent & Grenadines,2005,E. Caribbean Dollar (XCD),2.7
Saint Vincent & Grenadines,2010,E. Caribbean Dollar (XCD),2.7
Saint Vincent & Grenadines,2015,E. Caribbean Dollar (XCD),2.7
Saint Vincent & Grenadines,2020,E. Caribbean Dollar (XCD),2.7
Saint Vincent & Grenadines,2021,E. Caribbean Dollar (XCD),2.7
Saint Vincent & Grenadines,2022,E. Caribbean Dollar (XCD),2.7
Saint Vincent & Grenadines,2023,E. Caribbean Dollar (XCD),2.7
Samoa,1995,Tala (WST),2.5
Samoa,2005,Tala (WST),2.8
Samoa,2010,Tala (WST),2.3
Samoa,2015,Tala (WST),2.6
Samoa,2020,Tala (WST),2.5
Samoa,2021,Tala (WST),2.6
Samoa,2022,Tala (WST),2.7
Samoa,2023,Tala (WST),2.7
San Marino,2005,Euro (EUR),0.8
San Marino,2010,Euro (EUR),0.7
San Marino,2015,Euro (EUR),0.9
San Marino,2020,Euro (EUR),0.8
San Marino,2021,Euro (EUR),0.9
San Marino,2022,Euro (EUR),0.9
San Marino,2023,Euro (EUR),0.9
Sao Tome and Principe,1995,Dobra (STN),1.8
Sao Tome and Principe,2005,Dobra (STN),11.9
Sao Tome and Principe,2010,Dobra (STN),18.3
Sao Tome and Principe,2015,Dobra (STN),22.4
Sao Tome and Principe,2020,Dobra (STN),19.9
Sao Tome and Principe,2021,Dobra (STN),21.7
Sao Tome and Principe,2022,Dobra (STN),23
Sark,1995,Pound Sterling (GBP),0.6
Sark,2005,Pound Sterling (GBP),0.6
Sark,2010,Pound Sterling (GBP),0.6
Sark,2015,Pound Sterling (GBP),0.7
Sark,2020,Pound Sterling (GBP),0.7
Sark,2021,Pound Sterling (GBP),0.7
Sark,2022,Pound Sterling (GBP),0.8
Sark,2023,Pound Sterling (GBP),0.8
Saudi Arabia,1995,Saudi Riyal (SAR),3.8
Saudi Arabia,2005,Saudi Riyal (SAR),3.8
Saudi Arabia,2010,Saudi Riyal (SAR),3.8
Saudi Arabia,2015,Saudi Riyal (SAR),3.8
Saudi Arabia,2020,Saudi Riyal (SAR),3.8
Saudi Arabia,2021,Saudi Riyal (SAR),3.8
Saudi Arabia,2022,Saudi Riyal (SAR),3.8
Saudi Arabia,2023,Saudi Riyal (SAR),3.8
Senegal,1995,"CFA Franc, BCEAO (XOF)",490
Senegal,2005,"CFA Franc, BCEAO (XOF)",556
Senegal,2010,"CFA Franc, BCEAO (XOF)",490.9
Senegal,2015,"CFA Franc, BCEAO (XOF)",602.5
Senegal,2020,"CFA Franc, BCEAO (XOF)",534.6
Senegal,2021,"CFA Franc, BCEAO (XOF)",579.2
Senegal,2022,"CFA Franc, BCEAO (XOF)",615
Senegal,2023,"CFA Franc, BCEAO (XOF)",593.6
Serbia,2005,Serbian Dinar (RSD),72.2
Serbia,2010,Serbian Dinar (RSD),79.3
Serbia,2015,Serbian Dinar (RSD),111.2
Serbia,2020,Serbian Dinar (RSD),95.7
Serbia,2021,Serbian Dinar (RSD),103.9
Serbia,2022,Serbian Dinar (RSD),110.2
Serbia,2023,Serbian Dinar (RSD),105.9
Seychelles,1995,Seychelles Rupee (SCR),4.9
Seychelles,2005,Seychelles Rupee (SCR),5.5
Seychelles,2010,Seychelles Rupee (SCR),12.1
Seychelles,2015,Seychelles Rupee (SCR),13.2
Seychelles,2020,Seychelles Rupee (SCR),21.6
Seychelles,2021,Seychelles Rupee (SCR),14.7
Seychelles,2022,Seychelles Rupee (SCR),14.1
Sierra Leone,1995,Leone (SLE),0.9
Sierra Leone,2005,Leone (SLE),2.9
Sierra Leone,2010,Leone (SLE),4.2
Sierra Leone,2015,Leone (SLE),5.6
Sierra Leone,2020,Leone (SLE),10.1
Sierra Leone,2021,Leone (SLE),11.2
Sierra Leone,2022,Leone (SLE),18.8
Sierra Leone,2023,Leone (SLE),22.8
Singapore,1995,Singapore Dollar (SGD),1.4
Singapore,2005,Singapore Dollar (SGD),1.7
Singapore,2010,Singapore Dollar (SGD),1.3
Singapore,2015,Singapore Dollar (SGD),1.4
Singapore,2020,Singapore Dollar (SGD),1.3
Singapore,2021,Singapore Dollar (SGD),1.4
Singapore,2022,Singapore Dollar (SGD),1.3
Singapore,2023,Singapore Dollar (SGD),1.3
Sint Maarten (Dutch part),2010,Neth. Ant. Guilder (ANG),1.8
Sint Maarten (Dutch part),2015,Neth. Ant. Guilder (ANG),1.8
Sint Maarten (Dutch part),2020,Neth. Ant. Guilder (ANG),1.8
Sint Maarten (Dutch part),2021,Neth. Ant. Guilder (ANG),1.8
Sint Maarten (Dutch part),2022,Neth. Ant. Guilder (ANG),1.8
Sint Maarten (Dutch part),2023,Neth. Ant. Guilder (ANG),1.8
Slovakia,2010,Euro (EUR),0.7
Slovakia,2015,Euro (EUR),0.9
Slovakia,2020,Euro (EUR),0.8
Slovakia,2021,Euro (EUR),0.9
Slovakia,2022,Euro (EUR),0.9
Slovakia,2023,Euro (EUR),0.9
Slovenia,2010,Euro (EUR),0.7
Slovenia,2015,Euro (EUR),0.9
Slovenia,2020,Euro (EUR),0.8
Slovenia,2021,Euro (EUR),0.9
Slovenia,2022,Euro (EUR),0.9
Slovenia,2023,Euro (EUR),0.9
Solomon Islands,1995,Solomon Is. Dollar (SBD),3.5
Solomon Islands,2005,Solomon Is. Dollar (SBD),7.6
Solomon Islands,2010,Solomon Is. Dollar (SBD),8.1
Solomon Islands,2015,Solomon Is. Dollar (SBD),8.1
Solomon Islands,2020,Solomon Is. Dollar (SBD),8
Solomon Islands,2021,Solomon Is. Dollar (SBD),8.1
Solomon Islands,2022,Solomon Is. Dollar (SBD),8.3
Solomon Islands,2023,Solomon Is. Dollar (SBD),8.5
Somalia,2023,Somali Shilling (SOS),24300.00
South Africa,1995,Rand (ZAR),3.6
South Africa,2005,Rand (ZAR),6.3
South Africa,2010,Rand (ZAR),6.6
South Africa,2015,Rand (ZAR),15.5
South Africa,2020,Rand (ZAR),14.7
South Africa,2021,Rand (ZAR),15.9
South Africa,2022,Rand (ZAR),17
South Africa,2023,Rand (ZAR),18.5
South Georgia & Sandwich Is.,1995,Pound Sterling (GBP),0.6
South Georgia & Sandwich Is.,2005,Pound Sterling (GBP),0.6
South Georgia & Sandwich Is.,2010,Pound Sterling (GBP),0.6
South Georgia & Sandwich Is.,2015,Pound Sterling (GBP),0.7
South Georgia & Sandwich Is.,2020,Pound Sterling (GBP),0.7
South Georgia & Sandwich Is.,2021,Pound Sterling (GBP),0.7
South Georgia & Sandwich Is.,2022,Pound Sterling (GBP),0.8
South Georgia & Sandwich Is.,2023,Pound Sterling (GBP),0.8
South Sudan,2015,S. Sudanese Pound (SSP),16.6
South Sudan,2020,S. Sudanese Pound (SSP),177.3
South Sudan,2021,S. Sudanese Pound (SSP),432
South Sudan,2022,S. Sudanese Pound (SSP),668.7
Spain,2005,Euro (EUR),0.8
Spain,2010,Euro (EUR),0.7
Spain,2015,Euro (EUR),0.9
Spain,2020,Euro (EUR),0.8
Spain,2021,Euro (EUR),0.9
Spain,2022,Euro (EUR),0.9
Spain,2023,Euro (EUR),0.9
Sri Lanka,1995,Sri Lanka Rupee (LKR),54
Sri Lanka,2005,Sri Lanka Rupee (LKR),102.1
Sri Lanka,2010,Sri Lanka Rupee (LKR),111
Sri Lanka,2015,Sri Lanka Rupee (LKR),144.1
Sri Lanka,2020,Sri Lanka Rupee (LKR),186.4
Sri Lanka,2021,Sri Lanka Rupee (LKR),200.4
Sudan,1995,Sudanese Pound (SDG),0.5
Sudan,2005,Sudanese Pound (SDG),2.3
Sudan,2010,Sudanese Pound (SDG),2.5
Sudan,2015,Sudanese Pound (SDG),6.1
Sudan,2020,Sudanese Pound (SDG),55
Sudan,2021,Sudanese Pound (SDG),436.3
Sudan,2022,Sudanese Pound (SDG),578.2
Suriname,1995,Surinam Dollar (SRD),0.4
Suriname,2005,Surinam Dollar (SRD),2.7
Suriname,2010,Surinam Dollar (SRD),2.7
Suriname,2015,Surinam Dollar (SRD),4
Suriname,2020,Surinam Dollar (SRD),14.2
Suriname,2021,Surinam Dollar (SRD),21.1
Suriname,2022,Surinam Dollar (SRD),31.8
Suriname,2023,Surinam Dollar (SRD),36.7
Svalbard and Jan Mayen Is.,1995,Norwegian Krone (NOK),6.3
Svalbard and Jan Mayen Is.,2005,Norwegian Krone (NOK),6.8
Svalbard and Jan Mayen Is.,2010,Norwegian Krone (NOK),5.9
Svalbard and Jan Mayen Is.,2015,Norwegian Krone (NOK),8.8
Svalbard and Jan Mayen Is.,2020,Norwegian Krone (NOK),8.5
Svalbard and Jan Mayen Is.,2021,Norwegian Krone (NOK),8.8
Svalbard and Jan Mayen Is.,2022,Norwegian Krone (NOK),9.9
Svalbard and Jan Mayen Is.,2023,Norwegian Krone (NOK),10.2
Sweden,1995,Swedish Krona (SEK),6.7
Sweden,2005,Swedish Krona (SEK),8
Sweden,2010,Swedish Krona (SEK),6.7
Sweden,2015,Swedish Krona (SEK),8.4
Sweden,2020,Swedish Krona (SEK),8.2
Sweden,2021,Swedish Krona (SEK),9
Sweden,2022,Swedish Krona (SEK),10.4
Sweden,2023,Swedish Krona (SEK),10
Switzerland,1995,Swiss Franc (CHF),1.2
Switzerland,2005,Swiss Franc (CHF),1.3
Switzerland,2010,Swiss Franc (CHF),0.9
Switzerland,2015,Swiss Franc (CHF),1
Switzerland,2020,Swiss Franc (CHF),0.9
Switzerland,2021,Swiss Franc (CHF),0.9
Switzerland,2022,Swiss Franc (CHF),0.9
Switzerland,2023,Swiss Franc (CHF),0.8
Syrian Arab Republic,2023,Syrian Pound (SYP),12500.00
Tajikistan,1995,Somoni (TJS),0.3
Tajikistan,2005,Somoni (TJS),3.2
Tajikistan,2010,Somoni (TJS),4.4
Tajikistan,2015,Somoni (TJS),7
Tajikistan,2020,Somoni (TJS),11.3
Tajikistan,2021,Somoni (TJS),11.3
Tajikistan,2022,Somoni (TJS),10.2
Tajikistan,2023,Somoni (TJS),11
Thailand,1995,Baht (THB),25.2
Thailand,2005,Baht (THB),41
Thailand,2010,Baht (THB),30.2
Thailand,2015,Baht (THB),36.1
Thailand,2020,Baht (THB),30
Thailand,2021,Baht (THB),33.4
Thailand,2022,Baht (THB),34.6
Thailand,2023,Baht (THB),34.2
Togo,1995,"CFA Franc, BCEAO (XOF)",490
Togo,2005,"CFA Franc, BCEAO (XOF)",556
Togo,2010,"CFA Franc, BCEAO (XOF)",490.9
Togo,2015,"CFA Franc, BCEAO (XOF)",602.5
Togo,2020,"CFA Franc, BCEAO (XOF)",534.6
Togo,2021,"CFA Franc, BCEAO (XOF)",579.2
Togo,2022,"CFA Franc, BCEAO (XOF)",615
Togo,2023,"CFA Franc, BCEAO (XOF)",593.6
Tokelau,1995,New Zealand Dollar (NZD),1.5
Tokelau,2005,New Zealand Dollar (NZD),1.5
Tokelau,2010,New Zealand Dollar (NZD),1.3
Tokelau,2015,New Zealand Dollar (NZD),1.5
Tokelau,2020,New Zealand Dollar (NZD),1.4
Tokelau,2021,New Zealand Dollar (NZD),1.5
Tokelau,2022,New Zealand Dollar (NZD),1.6
Tokelau,2023,New Zealand Dollar (NZD),1.6
Tonga,1995,Pa'anga (TOP),1.3
Tonga,2005,Pa'anga (TOP),2.1
Tonga,2010,Pa'anga (TOP),1.8
Tonga,2015,Pa'anga (TOP),2.2
Tonga,2020,Pa'anga (TOP),2.3
Tonga,2021,Pa'anga (TOP),2.3
Tonga,2022,Pa'anga (TOP),2.3
Tonga,2023,Pa'anga (TOP),2.3
Trinidad and Tobago,1995,TT Dollar (TTD),6
Trinidad and Tobago,2005,TT Dollar (TTD),6.3
Trinidad and Tobago,2010,TT Dollar (TTD),6.4
Trinidad and Tobago,2015,TT Dollar (TTD),6.4
Trinidad and Tobago,2020,TT Dollar (TTD),6.7
Trinidad and Tobago,2021,TT Dollar (TTD),6.8
Trinidad and Tobago,2022,TT Dollar (TTD),6.7
Trinidad and Tobago,2023,TT Dollar (TTD),6.8
Tunisia,1995,Tunisian Dinar (TND),1
Tunisia,2005,Tunisian Dinar (TND),1.4
Tunisia,2010,Tunisian Dinar (TND),1.4
Tunisia,2015,Tunisian Dinar (TND),2
Tunisia,2020,Tunisian Dinar (TND),2.7
Tunisia,2021,Tunisian Dinar (TND),2.9
Tunisia,2022,Tunisian Dinar (TND),3.1
Tunisia,2023,Tunisian Dinar (TND),3.1
Turkiye,2023,Turkish Lira (TRY),29.5
Turkmenistan,2010,Turkmen. Manat (TMT),3.5
Turkmenistan,2015,Turkmen. Manat (TMT),3.5
Turkmenistan,2020,Turkmen. Manat (TMT),3.5
Turkmenistan,2021,Turkmen. Manat (TMT),3.5
Turkmenistan,2022,Turkmen. Manat (TMT),3.5
Turkmenistan,2023,Turkmen. Manat (TMT),3.5
Tuvalu,1995,Australian Dollar (AUD),1.3
Tuvalu,2005,Australian Dollar (AUD),1.4
Tuvalu,2010,Australian Dollar (AUD),1
Tuvalu,2015,Australian Dollar (AUD),1.4
Tuvalu,2020,Australian Dollar (AUD),1.3
Tuvalu,2021,Australian Dollar (AUD),1.4
Tuvalu,2022,Australian Dollar (AUD),1.5
Tuvalu,2023,Australian Dollar (AUD),1.5
Uganda,2023,Uganda Shilling (UGX),3782.20
Ukraine,1995,Hryvnia (UAH),1.8
Ukraine,2005,Hryvnia (UAH),5.1
Ukraine,2010,Hryvnia (UAH),8
Ukraine,2015,Hryvnia (UAH),24
Ukraine,2020,Hryvnia (UAH),28.3
Ukraine,2021,Hryvnia (UAH),27.3
Ukraine,2022,Hryvnia (UAH),36.6
Ukraine,2023,Hryvnia (UAH),38
United Arab Emirates,1995,UAE Dirham (AED),3.7
United Arab Emirates,2005,UAE Dirham (AED),3.7
United Arab Emirates,2010,UAE Dirham (AED),3.7
United Arab Emirates,2015,UAE Dirham (AED),3.7
United Arab Emirates,2020,UAE Dirham (AED),3.7
United Arab Emirates,2021,UAE Dirham (AED),3.7
United Arab Emirates,2022,UAE Dirham (AED),3.7
United Arab Emirates,2023,UAE Dirham (AED),3.7
United Kingdom,1995,Pound Sterling (GBP),0.6
United Kingdom,2005,Pound Sterling (GBP),0.6
United Kingdom,2010,Pound Sterling (GBP),0.6
United Kingdom,2015,Pound Sterling (GBP),0.7
United Kingdom,2020,Pound Sterling (GBP),0.7
United Kingdom,2021,Pound Sterling (GBP),0.7
United Kingdom,2022,Pound Sterling (GBP),0.8
United Kingdom,2023,Pound Sterling (GBP),0.8
United Rep. of Tanzania,2021,Tanzanian Shilling (TZS),2297.60
Uruguay,1995,Peso Uruguayo (UYU),7.1
Uruguay,2005,Peso Uruguayo (UYU),24.1
Uruguay,2010,Peso Uruguayo (UYU),20.1
Uruguay,2015,Peso Uruguayo (UYU),29.9
Uruguay,2020,Peso Uruguayo (UYU),42.3
Uruguay,2021,Peso Uruguayo (UYU),44.7
Uruguay,2022,Peso Uruguayo (UYU),40.1
Uruguay,2023,Peso Uruguayo (UYU),39
Uzbekistan,2023,Uzbekistan Sum (UZS),12340.00
Vanuatu,1995,Vatu (VUV),113.7
Vanuatu,2005,Vatu (VUV),112.3
Vanuatu,2010,Vatu (VUV),93.2
Vanuatu,2015,Vatu (VUV),110.5
Vanuatu,2020,Vatu (VUV),107.7
Vanuatu,2021,Vatu (VUV),112.2
Vanuatu,2022,Vatu (VUV),117.2
Vanuatu,2023,Vatu (VUV),116.5
Venezuela (Boliv. Rep. of),2015,Bolivar (VED),6.3
Viet Nam,2023,Dong (VND),23866.00
Wallis and Futuna Islands,1995,CFP Franc (XPF),89.1
Wallis and Futuna Islands,2005,CFP Franc (XPF),101.2
Wallis and Futuna Islands,2010,CFP Franc (XPF),89.3
Wallis and Futuna Islands,2015,CFP Franc (XPF),109.6
Wallis and Futuna Islands,2020,CFP Franc (XPF),97.2
Wallis and Futuna Islands,2021,CFP Franc (XPF),105.4
Wallis and Futuna Islands,2022,CFP Franc (XPF),111.9
Wallis and Futuna Islands,2023,CFP Franc (XPF),108
Western Sahara,1995,Moroccan Dirham (MAD),8.5
Western Sahara,2005,Moroccan Dirham (MAD),9.2
Western Sahara,2010,Moroccan Dirham (MAD),8.4
Western Sahara,2015,Moroccan Dirham (MAD),9.9
Western Sahara,2020,Moroccan Dirham (MAD),8.9
Western Sahara,2021,Moroccan Dirham (MAD),9.3
Western Sahara,2022,Moroccan Dirham (MAD),10.4
Western Sahara,2023,Moroccan Dirham (MAD),9.9
Zambia,1995,Zambian Kwacha (ZMW),1
Zambia,2005,Zambian Kwacha (ZMW),3.5
Zambia,2010,Zambian Kwacha (ZMW),4.8
Zambia,2015,Zambian Kwacha (ZMW),11
Zambia,2020,Zambian Kwacha (ZMW),21.2
Zambia,2021,Zambian Kwacha (ZMW),16.7
Zambia,2022,Zambian Kwacha (ZMW),18.1
Zambia,2023,Zambian Kwacha (ZMW),25.7
Zimbabwe,1995,Zimbabwe Dollar (ZWL),0
Zimbabwe,2005,Zimbabwe Dollar (ZWL),80.8
Euro Area,2005,Euro (EUR),0.8
Euro Area,2010,Euro (EUR),0.7
Euro Area,2015,Euro (EUR),0.9
Euro Area,2020,Euro (EUR),0.8
Euro Area,2021,Euro (EUR),0.9
Euro Area,2022,Euro (EUR),0.9
Euro Area,2023,Euro (EUR),0.9